prompt,complexity_score,feature_contributions,predicted_route,actual_quality_score,evaluation_result,latency,token_count
Write a Python function to reverse a string in place.,0.1982758620689655,"{""task_count_crossover(1)"": 0.0, ""constraints(0)"": 0.0, ""multi_entity(1)"": 0.0, ""tech_depth(0.8)"": 1.6, ""output_size_high"": 0.0, ""output_size_medium"": 1.0, ""ambiguity(0)"": 0.0, ""reasoning_depth(0)"": 0.0, ""math_references(0)"": 0.0, ""domain_breadth(1)"": 0.0, ""length_long"": 0.0, ""length_medium"": 0.0, ""lexical_diversity_high"": 0.0, ""complexity_math"": 0.0, ""complexity_non_python"": 0.0, ""complexity_python"": 2.0, ""complexity_debugging"": 0.0, ""complexity_distributed_systems"": 0.0, ""complexity_large_document"": 0.0}",local,1.0,PASS,1.9900035113096237e-05,97
Write a JavaScript snippet to check if a number is prime.,0.20689655172413793,"{""task_count_crossover(1)"": 0.0, ""constraints(0)"": 0.0, ""multi_entity(1)"": 0.0, ""tech_depth(0.4)"": 0.8, ""output_size_high"": 0.0, ""output_size_medium"": 1.0, ""ambiguity(0)"": 0.0, ""reasoning_depth(0)"": 0.0, ""math_references(0)"": 0.0, ""domain_breadth(1)"": 0.0, ""length_long"": 0.0, ""length_medium"": 0.0, ""lexical_diversity_high"": 0.0, ""complexity_math"": 0.0, ""complexity_non_python"": 3.0, ""complexity_python"": 0.0, ""complexity_debugging"": 0.0, ""complexity_distributed_systems"": 0.0, ""complexity_large_document"": 0.0}",local,1.0,PASS,2.2799998987466097e-05,178
Write a Java function to find the maximum element in an array of integers.,0.22413793103448276,"{""task_count_crossover(1)"": 0.0, ""constraints(0)"": 0.0, ""multi_entity(1)"": 0.0, ""tech_depth(0.6000000000000001)"": 1.2000000000000002, ""output_size_high"": 0.0, ""output_size_medium"": 1.0, ""ambiguity(0)"": 0.0, ""reasoning_depth(0)"": 0.0, ""math_references(0)"": 0.0, ""domain_breadth(1)"": 0.0, ""length_long"": 0.0, ""length_medium"": 0.0, ""lexical_diversity_high"": 0.0, ""complexity_math"": 0.0, ""complexity_non_python"": 3.0, ""complexity_python"": 0.0, ""complexity_debugging"": 0.0, ""complexity_distributed_systems"": 0.0, ""complexity_large_document"": 0.0}",local,1.0,PASS,2.0200037397444248e-05,429
Write a C++ function to check if a string is a palindrome.,0.25862068965517243,"{""task_count_crossover(1)"": 0.0, ""constraints(0)"": 0.0, ""multi_entity(1)"": 0.0, ""tech_depth(1.0)"": 2.0, ""output_size_high"": 0.0, ""output_size_medium"": 1.0, ""ambiguity(0)"": 0.0, ""reasoning_depth(0)"": 0.0, ""math_references(0)"": 0.0, ""domain_breadth(1)"": 0.0, ""length_long"": 0.0, ""length_medium"": 0.0, ""lexical_diversity_high"": 0.0, ""complexity_math"": 0.0, ""complexity_non_python"": 3.0, ""complexity_python"": 0.0, ""complexity_debugging"": 0.0, ""complexity_distributed_systems"": 0.0, ""complexity_large_document"": 0.0}",local,1.0,PASS,2.4799956008791924e-05,342
Write a Python script to print all even numbers from 1 to 50.,0.14655172413793102,"{""task_count_crossover(1)"": 0.0, ""constraints(0)"": 0.0, ""multi_entity(1)"": 0.0, ""tech_depth(0.2)"": 0.4, ""output_size_high"": 0.0, ""output_size_medium"": 1.0, ""ambiguity(0)"": 0.0, ""reasoning_depth(0)"": 0.0, ""math_references(0)"": 0.0, ""domain_breadth(1)"": 0.0, ""length_long"": 0.0, ""length_medium"": 0.0, ""lexical_diversity_high"": 0.0, ""complexity_math"": 0.0, ""complexity_non_python"": 0.0, ""complexity_python"": 2.0, ""complexity_debugging"": 0.0, ""complexity_distributed_systems"": 0.0, ""complexity_large_document"": 0.0}",remote,1.0,PASS,1.8899969290941954e-05,836
Write a HTML/JS function to count the number of vowels in a text input field.,0.27586206896551724,"{""task_count_crossover(1)"": 0.0, ""constraints(0)"": 0.0, ""multi_entity(2)"": 1.2, ""tech_depth(0.6000000000000001)"": 1.2000000000000002, ""output_size_high"": 0.0, ""output_size_medium"": 1.0, ""ambiguity(0)"": 0.0, ""reasoning_depth(0)"": 0.0, ""math_references(0)"": 0.0, ""domain_breadth(1)"": 0.0, ""length_long"": 0.0, ""length_medium"": 0.0, ""lexical_diversity_high"": 0.0, ""complexity_math"": 0.0, ""complexity_non_python"": 3.0, ""complexity_python"": 0.0, ""complexity_debugging"": 0.0, ""complexity_distributed_systems"": 0.0, ""complexity_large_document"": 0.0}",local,1.0,PASS,2.099998528137803e-05,561
Write a Go function to sum all values in a map.,0.3275862068965517,"{""task_count_crossover(1)"": 0.0, ""constraints(0)"": 0.0, ""multi_entity(1)"": 0.0, ""tech_depth(0.8)"": 1.6, ""output_size_high"": 0.0, ""output_size_medium"": 1.0, ""ambiguity(0)"": 0.0, ""reasoning_depth(0)"": 0.0, ""math_references(1)"": 2.5, ""domain_breadth(1)"": 0.0, ""length_long"": 0.0, ""length_medium"": 0.0, ""lexical_diversity_high"": 0.0, ""complexity_math"": 2.5, ""complexity_non_python"": 0.0, ""complexity_python"": 0.0, ""complexity_debugging"": 0.0, ""complexity_distributed_systems"": 0.0, ""complexity_large_document"": 0.0}",local,1.0,PASS,2.5200017262250185e-05,413
Write a Swift function to swap two numbers without a temporary variable.,0.12068965517241378,"{""task_count_crossover(1)"": 0.0, ""constraints(1)"": 1.0, ""multi_entity(1)"": 0.0, ""tech_depth(0.4)"": 0.8, ""output_size_high"": 0.0, ""output_size_medium"": 1.0, ""ambiguity(0)"": 0.0, ""reasoning_depth(0)"": 0.0, ""math_references(0)"": 0.0, ""domain_breadth(1)"": 0.0, ""length_long"": 0.0, ""length_medium"": 0.0, ""lexical_diversity_high"": 0.0, ""complexity_math"": 0.0, ""complexity_non_python"": 0.0, ""complexity_python"": 0.0, ""complexity_debugging"": 0.0, ""complexity_distributed_systems"": 0.0, ""complexity_large_document"": 0.0}",local,1.0,PASS,1.5099998563528061e-05,146
"Write a Python function `parse_csv` to parse a CSV string into a list of dictionaries, without using the CSV module.",0.2931034482758621,"{""task_count_crossover(1)"": 0.0, ""constraints(1)"": 1.0, ""multi_entity(2)"": 1.2, ""tech_depth(0.8)"": 1.6, ""output_size_high"": 0.0, ""output_size_medium"": 1.0, ""ambiguity(0)"": 0.0, ""reasoning_depth(0)"": 0.0, ""math_references(0)"": 0.0, ""domain_breadth(1)"": 0.0, ""length_long"": 0.0, ""length_medium"": 0.0, ""lexical_diversity_high"": 0.0, ""complexity_math"": 0.0, ""complexity_non_python"": 0.0, ""complexity_python"": 2.0, ""complexity_debugging"": 0.0, ""complexity_distributed_systems"": 0.0, ""complexity_large_document"": 0.0}",local,1.0,PASS,2.5500019546598196e-05,211
Write a Python function to merge two sorted linked lists into a single sorted list. Include a helper Class ListNode.,0.4956896551724138,"{""task_count_crossover(1)"": 0.0, ""constraints(0)"": 0.0, ""multi_entity(3)"": 2.4, ""tech_depth(0.8)"": 1.6, ""output_size_high"": 2.5, ""output_size_medium"": 0.0, ""ambiguity(0)"": 0.0, ""reasoning_depth(0)"": 0.0, ""math_references(0)"": 0.0, ""domain_breadth(1)"": 0.0, ""length_long"": 0.0, ""length_medium"": 0.0, ""lexical_diversity_high"": 0.0, ""complexity_math"": 0.0, ""complexity_non_python"": 3.0, ""complexity_python"": 2.0, ""complexity_debugging"": 0.0, ""complexity_distributed_systems"": 0.0, ""complexity_large_document"": 0.0}",local,0.9159090909090909,PASS,2.5300018023699522e-05,229
"Write a JavaScript class `PubSub` implementing a simple publish-subscribe event system with `subscribe`, `unsubscribe`, and `publish` methods.",0.25862068965517243,"{""task_count_crossover(1)"": 0.0, ""constraints(0)"": 0.0, ""multi_entity(2)"": 1.2, ""tech_depth(0.4)"": 0.8, ""output_size_high"": 0.0, ""output_size_medium"": 1.0, ""ambiguity(0)"": 0.0, ""reasoning_depth(0)"": 0.0, ""math_references(0)"": 0.0, ""domain_breadth(1)"": 0.0, ""length_long"": 0.0, ""length_medium"": 0.0, ""lexical_diversity_high"": 0.0, ""complexity_math"": 0.0, ""complexity_non_python"": 3.0, ""complexity_python"": 0.0, ""complexity_debugging"": 0.0, ""complexity_distributed_systems"": 0.0, ""complexity_large_document"": 0.0}",local,1.0,PASS,2.6200024876743555e-05,194
Write a Rust function to find the longest common prefix among an array of strings. Handle empty list cases.,0.3275862068965517,"{""task_count_crossover(1)"": 0.0, ""constraints(0)"": 0.0, ""multi_entity(1)"": 0.0, ""tech_depth(0.8)"": 1.6, ""output_size_high"": 0.0, ""output_size_medium"": 1.0, ""ambiguity(0)"": 0.0, ""reasoning_depth(0)"": 0.0, ""math_references(0)"": 0.0, ""domain_breadth(1)"": 0.0, ""length_long"": 0.0, ""length_medium"": 0.0, ""lexical_diversity_high"": 0.0, ""complexity_math"": 0.0, ""complexity_non_python"": 3.0, ""complexity_python"": 0.0, ""complexity_debugging"": 2.0, ""complexity_distributed_systems"": 0.0, ""complexity_large_document"": 0.0}",local,0.8818181818181817,PASS,2.529995981603861e-05,338
Write a TypeScript interface and class implementing a LRU (Least Recently Used) cache of size K.,0.4655172413793104,"{""task_count_crossover(1)"": 0.0, ""constraints(0)"": 0.0, ""multi_entity(6)"": 6.0, ""tech_depth(0.4)"": 0.8, ""output_size_high"": 0.0, ""output_size_medium"": 1.0, ""ambiguity(0)"": 0.0, ""reasoning_depth(0)"": 0.0, ""math_references(0)"": 0.0, ""domain_breadth(1)"": 0.0, ""length_long"": 0.0, ""length_medium"": 0.0, ""lexical_diversity_high"": 0.0, ""complexity_math"": 0.0, ""complexity_non_python"": 3.0, ""complexity_python"": 0.0, ""complexity_debugging"": 0.0, ""complexity_distributed_systems"": 0.0, ""complexity_large_document"": 0.0}",local,0.8818181818181817,PASS,2.3200002033263445e-05,264
"Write a C++ function to perform binary search on a sorted vector and return the index, or -1 if not found.",0.25,"{""task_count_crossover(1)"": 0.0, ""constraints(0)"": 0.0, ""multi_entity(1)"": 0.0, ""tech_depth(0.4)"": 0.8, ""output_size_high"": 0.0, ""output_size_medium"": 1.0, ""ambiguity(0)"": 0.0, ""reasoning_depth(0)"": 0.0, ""math_references(0)"": 0.0, ""domain_breadth(1)"": 0.0, ""length_long"": 0.0, ""length_medium"": 0.0, ""lexical_diversity_high"": 1.0, ""complexity_math"": 0.0, ""complexity_non_python"": 3.0, ""complexity_python"": 0.0, ""complexity_debugging"": 0.0, ""complexity_distributed_systems"": 0.0, ""complexity_large_document"": 0.0}",local,1.0,PASS,3.71999922208488e-05,635
Write a Python generator function `fibonacci_gen` that yields Fibonacci numbers up to N dynamically.,0.26724137931034486,"{""task_count_crossover(1)"": 0.0, ""constraints(0)"": 0.0, ""multi_entity(3)"": 2.4, ""tech_depth(0.4)"": 0.8, ""output_size_high"": 0.0, ""output_size_medium"": 1.0, ""ambiguity(0)"": 0.0, ""reasoning_depth(0)"": 0.0, ""math_references(0)"": 0.0, ""domain_breadth(1)"": 0.0, ""length_long"": 0.0, ""length_medium"": 0.0, ""lexical_diversity_high"": 0.0, ""complexity_math"": 0.0, ""complexity_non_python"": 0.0, ""complexity_python"": 2.0, ""complexity_debugging"": 0.0, ""complexity_distributed_systems"": 0.0, ""complexity_large_document"": 0.0}",local,1.0,PASS,2.3900007363408804e-05,196
Write a Java implementation of the Bubble Sort algorithm. Add a flag to optimize it if the array is already sorted.,0.35344827586206895,"{""task_count_crossover(1)"": 0.0, ""constraints(0)"": 0.0, ""multi_entity(3)"": 2.4, ""tech_depth(0.4)"": 0.8, ""output_size_high"": 0.0, ""output_size_medium"": 1.0, ""ambiguity(0)"": 0.0, ""reasoning_depth(0)"": 0.0, ""math_references(0)"": 0.0, ""domain_breadth(1)"": 0.0, ""length_long"": 0.0, ""length_medium"": 0.0, ""lexical_diversity_high"": 1.0, ""complexity_math"": 0.0, ""complexity_non_python"": 3.0, ""complexity_python"": 0.0, ""complexity_debugging"": 0.0, ""complexity_distributed_systems"": 0.0, ""complexity_large_document"": 0.0}",local,1.0,PASS,5.0600036047399044e-05,509
"Write a Python class implementing a Trie (Prefix Tree) with `insert`, `search`, and `startsWith` methods. Do not use external libraries.",0.5344827586206896,"{""task_count_crossover(1)"": 0.0, ""constraints(0)"": 0.0, ""multi_entity(4)"": 3.5999999999999996, ""tech_depth(0.4)"": 0.8, ""output_size_high"": 0.0, ""output_size_medium"": 1.0, ""ambiguity(0)"": 0.0, ""reasoning_depth(0)"": 0.0, ""math_references(0)"": 0.0, ""domain_breadth(1)"": 0.0, ""length_long"": 0.0, ""length_medium"": 0.0, ""lexical_diversity_high"": 0.0, ""complexity_math"": 0.0, ""complexity_non_python"": 3.0, ""complexity_python"": 2.0, ""complexity_debugging"": 2.0, ""complexity_distributed_systems"": 0.0, ""complexity_large_document"": 0.0}",local,0.7977272727272727,PASS,2.1700048819184303e-05,639
Write a Python implementation of a thread-safe Singleton pattern using double-checked locking inside a multithreaded context.,0.3706896551724138,"{""task_count_crossover(1)"": 0.0, ""constraints(0)"": 0.0, ""multi_entity(2)"": 1.2, ""tech_depth(1.2)"": 2.4, ""output_size_high"": 0.0, ""output_size_medium"": 1.0, ""ambiguity(0)"": 0.0, ""reasoning_depth(0)"": 0.0, ""math_references(0)"": 0.0, ""domain_breadth(2)"": 2.0, ""length_long"": 0.0, ""length_medium"": 0.0, ""lexical_diversity_high"": 0.0, ""complexity_math"": 0.0, ""complexity_non_python"": 0.0, ""complexity_python"": 2.0, ""complexity_debugging"": 0.0, ""complexity_distributed_systems"": 0.0, ""complexity_large_document"": 0.0}",local,1.0,PASS,3.23000131174922e-05,128
Write a Rust program to implement a basic AST-based arithmetic calculator that parses and evaluates strings like '3 + (4 * 5) - 6'.,0.9267241379310345,"{""task_count_crossover(2)"": 1.5, ""constraints(0)"": 0.0, ""multi_entity(2)"": 1.2, ""tech_depth(3.4)"": 6.8, ""output_size_high"": 0.0, ""output_size_medium"": 1.0, ""ambiguity(0)"": 0.0, ""reasoning_depth(0)"": 0.0, ""math_references(1)"": 2.5, ""domain_breadth(2)"": 2.0, ""length_long"": 0.0, ""length_medium"": 0.0, ""lexical_diversity_high"": 1.0, ""complexity_math"": 2.5, ""complexity_non_python"": 3.0, ""complexity_python"": 0.0, ""complexity_debugging"": 0.0, ""complexity_distributed_systems"": 0.0, ""complexity_large_document"": 0.0}",remote,0.0,FAIL,4.307283500034828,1158
Write a C++ class representing a Red-Black Tree and implement the recursive node-insertion balancing logic.,0.375,"{""task_count_crossover(2)"": 1.5, ""constraints(0)"": 0.0, ""multi_entity(3)"": 2.4, ""tech_depth(0.4)"": 0.8, ""output_size_high"": 0.0, ""output_size_medium"": 1.0, ""ambiguity(0)"": 0.0, ""reasoning_depth(0)"": 0.0, ""math_references(0)"": 0.0, ""domain_breadth(1)"": 0.0, ""length_long"": 0.0, ""length_medium"": 0.0, ""lexical_diversity_high"": 0.0, ""complexity_math"": 0.0, ""complexity_non_python"": 3.0, ""complexity_python"": 0.0, ""complexity_debugging"": 0.0, ""complexity_distributed_systems"": 0.0, ""complexity_large_document"": 0.0}",local,1.0,PASS,2.269999822601676e-05,1021
Write a complete Python implementation of Dijkstra's shortest path algorithm using a min-heap structure from scratch.,0.2629310344827586,"{""task_count_crossover(1)"": 0.0, ""constraints(0)"": 0.0, ""multi_entity(2)"": 1.2, ""tech_depth(0.2)"": 0.4, ""output_size_high"": 2.5, ""output_size_medium"": 0.0, ""ambiguity(0)"": 0.0, ""reasoning_depth(0)"": 0.0, ""math_references(0)"": 0.0, ""domain_breadth(1)"": 0.0, ""length_long"": 0.0, ""length_medium"": 0.0, ""lexical_diversity_high"": 0.0, ""complexity_math"": 0.0, ""complexity_non_python"": 0.0, ""complexity_python"": 2.0, ""complexity_debugging"": 0.0, ""complexity_distributed_systems"": 0.0, ""complexity_large_document"": 0.0}",local,1.0,PASS,1.810002140700817e-05,440
"Write a TypeScript decorator `logMethod` that measures and prints execution time of methods, handling async/Promises.",0.24137931034482757,"{""task_count_crossover(1)"": 0.0, ""constraints(0)"": 0.0, ""multi_entity(2)"": 1.2, ""tech_depth(0.2)"": 0.4, ""output_size_high"": 0.0, ""output_size_medium"": 1.0, ""ambiguity(0)"": 0.0, ""reasoning_depth(0)"": 0.0, ""math_references(0)"": 0.0, ""domain_breadth(1)"": 0.0, ""length_long"": 0.0, ""length_medium"": 0.0, ""lexical_diversity_high"": 0.0, ""complexity_math"": 0.0, ""complexity_non_python"": 3.0, ""complexity_python"": 0.0, ""complexity_debugging"": 0.0, ""complexity_distributed_systems"": 0.0, ""complexity_large_document"": 0.0}",local,1.0,PASS,2.2899999748915434e-05,469
"Write a Python function `conway_game_of_life` that updates a grid according to Conway's Game of Life rules, using wrapping boundaries.",0.3189655172413793,"{""task_count_crossover(1)"": 0.0, ""constraints(0)"": 0.0, ""multi_entity(4)"": 3.5999999999999996, ""tech_depth(0.4)"": 0.8, ""output_size_high"": 0.0, ""output_size_medium"": 1.0, ""ambiguity(0)"": 0.0, ""reasoning_depth(0)"": 0.0, ""math_references(0)"": 0.0, ""domain_breadth(1)"": 0.0, ""length_long"": 0.0, ""length_medium"": 0.0, ""lexical_diversity_high"": 0.0, ""complexity_math"": 0.0, ""complexity_non_python"": 0.0, ""complexity_python"": 2.0, ""complexity_debugging"": 0.0, ""complexity_distributed_systems"": 0.0, ""complexity_large_document"": 0.0}",local,1.0,PASS,2.1299987565726042e-05,349
"Write a Go concurrency pipeline where 3 workers read from a channel, process data (calculate squares), and merge output to a single channel.",0.793103448275862,"{""task_count_crossover(1)"": 0.0, ""constraints(0)"": 0.0, ""multi_entity(1)"": 0.0, ""tech_depth(3.2)"": 6.4, ""output_size_high"": 0.0, ""output_size_medium"": 1.0, ""ambiguity(0)"": 0.0, ""reasoning_depth(0)"": 0.0, ""math_references(1)"": 2.5, ""domain_breadth(2)"": 2.0, ""length_long"": 0.0, ""length_medium"": 0.0, ""lexical_diversity_high"": 1.0, ""complexity_math"": 2.5, ""complexity_non_python"": 0.0, ""complexity_python"": 0.0, ""complexity_debugging"": 0.0, ""complexity_distributed_systems"": 3.0, ""complexity_large_document"": 0.0}",remote,1.0,PASS,4.080454499926418,1155
"Write a Python script that parses a directory of Python files, parses their abstract syntax trees (ASTs), and lists all class definitions.",0.3879310344827586,"{""task_count_crossover(1)"": 0.0, ""constraints(0)"": 0.0, ""multi_entity(2)"": 1.2, ""tech_depth(0.4)"": 0.8, ""output_size_high"": 0.0, ""output_size_medium"": 1.0, ""ambiguity(0)"": 0.0, ""reasoning_depth(0)"": 0.0, ""math_references(0)"": 0.0, ""domain_breadth(1)"": 0.0, ""length_long"": 0.0, ""length_medium"": 0.0, ""lexical_diversity_high"": 1.0, ""complexity_math"": 0.0, ""complexity_non_python"": 3.0, ""complexity_python"": 2.0, ""complexity_debugging"": 0.0, ""complexity_distributed_systems"": 0.0, ""complexity_large_document"": 0.0}",local,0.9159090909090909,PASS,1.4299992471933365e-05,405
"Fix the syntax or logic error in this Python code:
def calc_avg(nums):
    total = 0
    for n in nums:
    total += n
    return total / len(nums)",0.25,"{""task_count_crossover(1)"": 0.0, ""constraints(0)"": 0.0, ""multi_entity(1)"": 0.0, ""tech_depth(0.4)"": 0.8, ""output_size_high"": 0.0, ""output_size_medium"": 1.0, ""ambiguity(0)"": 0.0, ""reasoning_depth(0)"": 0.0, ""math_references(0)"": 0.0, ""domain_breadth(1)"": 0.0, ""length_long"": 0.0, ""length_medium"": 0.0, ""lexical_diversity_high"": 0.0, ""complexity_math"": 0.0, ""complexity_non_python"": 0.0, ""complexity_python"": 2.0, ""complexity_debugging"": 2.0, ""complexity_distributed_systems"": 0.0, ""complexity_large_document"": 0.0}",local,1.0,PASS,2.640002639964223e-05,310
"Identify the bug in this JavaScript snippet meant to filter out odd numbers:
function getEvens(arr) {
  return arr.filter(n => n % 2 == 1);
}",0.25,"{""task_count_crossover(0)"": 0.0, ""constraints(0)"": 0.0, ""multi_entity(1)"": 0.0, ""tech_depth(0.4)"": 0.8, ""output_size_high"": 0.0, ""output_size_medium"": 1.0, ""ambiguity(0)"": 0.0, ""reasoning_depth(0)"": 0.0, ""math_references(0)"": 0.0, ""domain_breadth(1)"": 0.0, ""length_long"": 0.0, ""length_medium"": 0.0, ""lexical_diversity_high"": 1.0, ""complexity_math"": 0.0, ""complexity_non_python"": 3.0, ""complexity_python"": 0.0, ""complexity_debugging"": 0.0, ""complexity_distributed_systems"": 0.0, ""complexity_large_document"": 0.0}",local,0.8818181818181817,PASS,2.389994915574789e-05,154
"Correct the off-by-one bug in this C++ loop:
for(int i=0; i<=arr.size(); i++) {
    cout << arr[i] << endl;
}",0.4655172413793104,"{""task_count_crossover(0)"": 0.0, ""constraints(0)"": 0.0, ""multi_entity(1)"": 0.0, ""tech_depth(0.4)"": 0.8, ""output_size_high"": 0.0, ""output_size_medium"": 1.0, ""ambiguity(0)"": 0.0, ""reasoning_depth(0)"": 0.0, ""math_references(1)"": 2.5, ""domain_breadth(1)"": 0.0, ""length_long"": 0.0, ""length_medium"": 0.0, ""lexical_diversity_high"": 1.0, ""complexity_math"": 2.5, ""complexity_non_python"": 3.0, ""complexity_python"": 0.0, ""complexity_debugging"": 0.0, ""complexity_distributed_systems"": 0.0, ""complexity_large_document"": 0.0}",local,1.0,PASS,2.9200047720223665e-05,169
"Fix this Java function designed to check for string equality:
public boolean isMatch(String a, String b) {
    return a == b;
}",0.37931034482758624,"{""task_count_crossover(1)"": 0.0, ""constraints(0)"": 0.0, ""multi_entity(2)"": 1.2, ""tech_depth(0.8)"": 1.6, ""output_size_high"": 0.0, ""output_size_medium"": 1.0, ""ambiguity(0)"": 0.0, ""reasoning_depth(0)"": 0.0, ""math_references(0)"": 0.0, ""domain_breadth(1)"": 0.0, ""length_long"": 0.0, ""length_medium"": 0.0, ""lexical_diversity_high"": 0.0, ""complexity_math"": 0.0, ""complexity_non_python"": 3.0, ""complexity_python"": 0.0, ""complexity_debugging"": 2.0, ""complexity_distributed_systems"": 0.0, ""complexity_large_document"": 0.0}",local,0.7977272727272727,PASS,1.9899976905435324e-05,430
"Correct this SQL query that fails to fetch employees who don't have a department assigned:
SELECT * FROM employees emp JOIN departments dept ON emp.dept_id = dept.id;",0.45689655172413796,"{""task_count_crossover(0)"": 0.0, ""constraints(0)"": 0.0, ""multi_entity(4)"": 3.5999999999999996, ""tech_depth(1.0)"": 2.0, ""output_size_high"": 0.0, ""output_size_medium"": 1.0, ""ambiguity(0)"": 0.0, ""reasoning_depth(0)"": 0.0, ""math_references(0)"": 0.0, ""domain_breadth(1)"": 0.0, ""length_long"": 0.0, ""length_medium"": 0.0, ""lexical_diversity_high"": 1.0, ""complexity_math"": 0.0, ""complexity_non_python"": 3.0, ""complexity_python"": 0.0, ""complexity_debugging"": 0.0, ""complexity_distributed_systems"": 0.0, ""complexity_large_document"": 0.0}",local,1.0,PASS,2.6399968191981316e-05,240
